Customer_ID,Customer_Name,Country,Email
1,Justin Duffy,Luxembourg,colleenchavez@yahoo.com
2,Patricia Francis,Kiribati,lisa54@gmail.com
3,Amanda Martinez,Greece,cjacobs@williams-york.com
4,Charles Ponce,Thailand,pjohnson@peck.com
5,Adam Wilkinson,Macedonia,ian16@grant.com
6,Janet Hunter,Taiwan,tina51@hotmail.com
7,Anna Johnson,Martinique,hancocksteven@butler.com
8,Lisa Wright,Portugal,ericbaxter@gmail.com
9,Anne Dennis,Bahrain,hendersonjames@wallace.com
10,Lonnie Huff,Comoros,ymorris@foster.com
11,Jeremy Johnson,Bouvet Island (Bouvetoya),erodriguez@yahoo.com
12,Elijah Nunez,Ethiopia,ccoleman@yahoo.com
13,Cassandra Hernandez,Angola,tyrone79@gmail.com
14,Cynthia Peterson,Antigua and Barbuda,bowersroberta@yahoo.com
15,Wesley Munoz,Faroe Islands,matthew35@gmail.com
16,Elizabeth Fox,Gabon,melissamcdonald@gmail.com
17,Douglas Clark,Northern Mariana Islands,irussell@jordan.com
18,Adrienne Petersen,Kyrgyz Republic,lcarlson@gmail.com
19,Henry Davenport,India,emilymiles@yahoo.com
20,Ryan Rosario,Georgia,lisa03@mcclain.com
21,Denise Holland,Indonesia,sheilamaldonado@yahoo.com
22,Samuel Cisneros,Cuba,taradillon@yahoo.com
23,Bryan Meadows,Lebanon,berryalexis@williams.net
24,Misty Carter,Cuba,uwhite@prince.net
25,Christopher Suarez,Bermuda,lprice@giles.com
26,James David,Liberia,otaylor@gmail.com
27,Cheryl Young,Guadeloupe,pamelapatterson@yahoo.com
28,Barbara Tanner,Iraq,baileycynthia@yahoo.com
29,Jasmine Willis,Congo,tyronealvarez@gmail.com
30,Donna Porter,Portugal,nsalinas@cantrell.com
31,Joann Medina,Kiribati,hollandsarah@hotmail.com
32,Tina Richardson,Kuwait,jonathanwright@hotmail.com
33,Mr. Ryan Duran,India,sierranewman@garner-bender.com
34,Jacob Carpenter,Brazil,lmoody@yahoo.com
35,Julie Harris,Lebanon,butlershannon@yahoo.com
36,Michael Gonzalez,Macao,bruce07@yahoo.com
37,Andre Bryant,Suriname,hicksjames@yahoo.com
38,Matthew Randall,Mauritius,allenkelly@rivera.com
39,Ian Roberts,Spain,fburton@gmail.com
40,Patricia Savage,Romania,thomashiggins@yahoo.com
41,John Wright,Serbia,silvadevon@smith-jones.com
42,Paul Conrad,Colombia,claudiamcbride@hotmail.com
43,Loretta Yoder,Holy See (Vatican City State),johnsonkirsten@hotmail.com
44,Nicholas Gibson,Puerto Rico,fmitchell@yahoo.com
45,Amy Williams,Morocco,amy57@hotmail.com
46,Catherine Valdez,Liberia,ericthompson@yahoo.com
47,Kari Acosta,Angola,heather33@yahoo.com
48,Steven Hester,Haiti,mcline@yahoo.com
49,Eric Wilkinson,Liechtenstein,jody13@spencer.com
50,Michelle Nelson,Tuvalu,joseph05@calderon.info
51,Dustin Arellano,Bolivia,michaelwright@washington.com
52,John Sanchez,Montserrat,donna34@gmail.com
53,Katrina Mitchell,Iraq,justinbrown@hotmail.com
54,Diane Williams,Bahrain,fkim@gmail.com
55,Martin Morales,Norway,gomezjeanne@gmail.com
56,Paige Cross,Nicaragua,jeremyneal@hotmail.com
57,Jennifer Hall,Indonesia,beltrandavid@hayes-allen.com
58,Joseph Flowers,Japan,christensennatasha@hotmail.com
59,Brett Phillips,Andorra,chadstephens@long.biz
60,Stephanie Crawford,Cameroon,kcraig@gmail.com
61,Corey Baker,Grenada,joseph96@gmail.com
62,David Sexton,Cambodia,claytonnicholas@gmail.com
63,Samantha Scott,Angola,hunter75@yahoo.com
64,Chad Wells,Uzbekistan,kevingray@acosta.com
65,Christopher Houston,Tuvalu,angela61@ramsey-jackson.com
66,Willie Mason,Antarctica (the territory South of 60 deg S),kelly11@lindsey.info
67,Katherine Cordova,Isle of Man,michaeljordan@yahoo.com
68,Patricia Espinoza,Bosnia and Herzegovina,stephaniebell@gmail.com
69,Jeremy Jones,Luxembourg,wyoung@gmail.com
70,Jason Cooper,Albania,hullmonica@keller.com
71,Andrew Herman,Tunisia,brendarice@wilson-mueller.com
72,Marco Daniels,Kyrgyz Republic,victoriablair@yahoo.com
73,Robert Cooper,Germany,amanda44@hotmail.com
74,Michael Gonzales,Saint Helena,wanda18@smith.com
75,Deborah Perry,Cote d'Ivoire,zbaker@yahoo.com
76,Candice Booker,Uzbekistan,bparks@yahoo.com
77,Ann Tran,Cook Islands,hughesmarie@vasquez.biz
78,Ashley Carpenter,Zimbabwe,tim31@hotmail.com
79,Elizabeth Kelly,Costa Rica,shepardjeffrey@yahoo.com
80,Derek Jones,Central African Republic,yrodriguez@yahoo.com
81,Jennifer Juarez,French Southern Territories,millersteven@nielsen-robbins.com
82,William Padilla,Monaco,annamatthews@collier.org
83,Lisa Collier,Heard Island and McDonald Islands,annatorres@gmail.com
84,Suzanne Johnston,Bosnia and Herzegovina,kylegreen@yahoo.com
85,Jeffrey Hardin,Malawi,shane61@yahoo.com
86,Candice Perkins,Malta,vanessa58@hotmail.com
87,Christopher Leonard,Bouvet Island (Bouvetoya),clarkwanda@brown.com
88,Kevin Morse,Bahamas,garnergary@gmail.com
89,Ashley Thompson,Japan,annettemartin@ochoa.com
90,Amanda Gillespie,San Marino,bschneider@lopez.com
91,Felicia Perry,Indonesia,avega@gmail.com
92,Tina Clark,Japan,jason05@harmon.com
93,Nancy Navarro,Saudi Arabia,harriserik@rodriguez.com
94,Mark Smith,United Arab Emirates,mooreamanda@gmail.com
95,Nathan Dunlap,Guinea-Bissau,bstewart@gmail.com
96,April Rosales,Afghanistan,kylevillarreal@hotmail.com
97,Sherry Murphy,Togo,raymond25@thompson-pratt.com
98,Theresa Smith,Christmas Island,david80@morrison.org
99,Anthony King,Mauritania,ibarrajustin@allen.com
100,Veronica Hebert,Eritrea,pmyers@hickman.com
101,Heidi Williams,Czech Republic,gonzalezmichelle@gmail.com
102,Christopher Meyer,Turkmenistan,udixon@gmail.com
103,James King,Niger,rwilliams@gmail.com
104,Nicole Frazier,Zambia,dgutierrez@garrison.com
105,Linda Contreras,Liechtenstein,garybrown@hubbard-wang.biz
106,Regina Freeman,Mozambique,jonessandra@bass-robertson.com
107,Charles Cook,Bhutan,murphyjessica@gmail.com
108,Anthony Potter,Seychelles,crystal33@yahoo.com
109,Michael Jones,Guam,heidivelasquez@walls.com
110,Donald Cole,British Indian Ocean Territory (Chagos Archipelago),phughes@bates.com
111,Benjamin Chavez,Afghanistan,christopher72@yahoo.com
112,Jason Gonzalez,Dominica,harpermarissa@bright.com
113,Travis Cervantes,Serbia,peterspaul@foster.com
114,Colleen Hernandez,Seychelles,ismith@yahoo.com
115,Casey Patrick,Uruguay,antoniolloyd@gmail.com
116,Randy Thompson,United States Virgin Islands,hortonmaria@harris.com
117,Angela Jensen,Saint Barthelemy,mmiller@yahoo.com
118,Craig Fisher,Nigeria,samantha05@gmail.com
119,Andrew Benton,Senegal,spencerheather@jones.com
120,Catherine Walker,Romania,amandasmith@richardson.org
121,Jamie Jackson,Lao People's Democratic Republic,bjefferson@adams.org
122,Ashley Romero,United States Minor Outlying Islands,amanda23@hotmail.com
123,Jessica Miller,Malta,eortiz@johnson.com
124,Marcia Williams,Somalia,normansparks@contreras.info
125,Penny Skinner,Cape Verde,tyler04@johnson.com
126,Sarah Burke,Bhutan,melissagriffith@gmail.com
127,Mary Gonzalez,Liberia,haasangelica@quinn.com
128,Rebecca Marsh,Cuba,stephen07@yahoo.com
129,Marissa Harris,Antarctica (the territory South of 60 deg S),michael16@gmail.com
130,Maria Harrell,Turkey,michaela79@barry-hill.net
131,Christine Hayes,Algeria,zacharycoleman@gmail.com
132,Kristina Green,Tokelau,donna87@david.com
133,Deborah Rodgers,Pakistan,danielle09@ward.com
134,Leah Short,Tunisia,hglenn@gmail.com
135,Barbara Kerr,Paraguay,barnettjames@yahoo.com
136,Brandon Cortez,Bolivia,hburns@green-carter.com
137,Joseph Torres,Moldova,danielduffy@gmail.com
138,Joseph Soto,Saint Barthelemy,chapmanchristy@yahoo.com
139,Ashley Frey,Cyprus,pbrown@yahoo.com
140,Sharon Houston,South Africa,travis08@wallace-ruiz.info
141,Katherine Rios,Bermuda,joshuadoyle@gmail.com
142,Martin Terrell,Ecuador,tammy58@hotmail.com
143,Daniel Smith,Ethiopia,amy60@yahoo.com
144,Amy Lopez,Gabon,martinezmichelle@lawson-hubbard.biz
145,Jimmy Lynch,Bermuda,anthonyharper@yahoo.com
146,Amanda Beard,Maldives,larryblankenship@yahoo.com
147,Laura Rose,Serbia,mikesampson@hotmail.com
148,Sheila Hale,Luxembourg,robertberry@mendez-miller.net
149,Paul Noble,Marshall Islands,colematthew@hotmail.com
150,Anthony Hughes,French Polynesia,hermanheather@hotmail.com
151,Nathan Jordan,United Arab Emirates,valdezjessica@gmail.com
152,Mr. Edward Alexander DDS,New Zealand,amandaoliver@cortez.net
153,George Matthews,Guatemala,laura89@gmail.com
154,Alison Hall,Turks and Caicos Islands,ewade@yahoo.com
155,Michelle Harris,Netherlands,wyattmichael@nelson.com
156,Keith Chandler,Morocco,pacetodd@hotmail.com
157,Margaret Cruz,Norway,trios@yahoo.com
158,Allison Williams,Switzerland,ajohnston@yahoo.com
159,William Black,Azerbaijan,jessica25@ward.org
160,Rachel Morales,Tajikistan,zdavis@ross.org
161,James Roberts,Aruba,kendrachristian@mendez-davis.com
162,Jacob Choi,Nicaragua,xjohnson@gmail.com
163,Ryan Coleman,Albania,melissa18@hotmail.com
164,Stacy Hall,Congo,david29@robles.net
165,Amanda Morgan,Bahrain,cortezmegan@gmail.com
166,Oscar Rodriguez,Faroe Islands,craigmiller@decker.com
167,Stephanie Austin,Kuwait,angela74@reyes.com
168,Elizabeth Delacruz,Korea,jennifermoore@yahoo.com
169,Kathleen Jones,Micronesia,nichole97@yahoo.com
170,Troy Brown,Botswana,michelle47@robertson.com
171,Crystal Ramos,Portugal,patricknguyen@hotmail.com
172,Amanda Ho,Ecuador,cunninghamjames@anderson.com
173,Nicole Li,Mali,kstevens@morgan.com
174,Eric Gonzalez,French Southern Territories,townsendcarol@mcmillan.info
175,Anthony Calhoun,Comoros,collinsjohn@hotmail.com
176,Sharon Jones,Guatemala,odavis@wilson.com
177,Sarah Wade,Burundi,barbara22@yahoo.com
178,James Mullins,Northern Mariana Islands,michael79@yahoo.com
179,Austin Vincent,Lebanon,cassandraperkins@gmail.com
180,Angel Ramirez,Tonga,nicolechung@hotmail.com
181,Darlene Jackson,Martinique,stoneclaire@yahoo.com
182,Steven Campos,Antigua and Barbuda,davisalexandra@rodriguez.com
183,Rebecca Martinez,Guinea-Bissau,laurendavis@sanchez.com
184,Lisa Villegas,Saint Vincent and the Grenadines,hornejeffrey@sanchez.net
185,Terri Lewis,Papua New Guinea,beverly89@mason.com
186,Jennifer Gonzalez,Ukraine,hilltodd@yahoo.com
187,Patty Flores,Montenegro,frenchkaylee@gmail.com
188,Jennifer Larson,Hungary,pennybishop@hotmail.com
189,Chelsea Castaneda,French Southern Territories,igraves@hotmail.com
190,Katherine Cox,Chad,wlopez@cole.com
191,Brent Ryan,Burkina Faso,angelaburke@gmail.com
192,Anthony Campbell,Israel,syates@ramirez.com
193,Cheryl White,United Arab Emirates,david70@ramos-porter.com
194,Peter Johnson,Brazil,christopher18@yahoo.com
195,William Davis,Benin,morgandalton@day.info
196,Janet Brown,New Zealand,martinkyle@yahoo.com
197,Stephanie Wade,South Georgia and the South Sandwich Islands,sarah18@wilson-huffman.com
198,Philip Jones,China,judith41@hotmail.com
199,Misty Ford,Kyrgyz Republic,henrycandace@taylor-pierce.com
200,David Norman,Bahamas,timothygonzalez@stewart-bryant.net
201,Jennifer Oneal,South Africa,kennethwyatt@ayala-maynard.com
202,Tonya Hernandez,United States Minor Outlying Islands,scott93@hernandez.biz
203,George Curry,Congo,jeffrey51@yahoo.com
204,Denise Perkins,Bahrain,idavis@yahoo.com
205,Tony Martin,Central African Republic,hhernandez@hotmail.com
206,Tonya Barron,Norfolk Island,davissherry@hotmail.com
207,Mrs. Joanna Hernandez,Equatorial Guinea,nicholasjackson@johnston-kennedy.com
208,Dr. Kenneth Marks,Peru,danielrobinson@hotmail.com
209,Derek Wheeler,Anguilla,sweeneybrad@yahoo.com
210,Tammy Blake,Palau,daniel16@hotmail.com
211,Miranda Powell,Myanmar,valerie06@yahoo.com
212,Donna Reed,Norfolk Island,kellyjennifer@wise.com
213,Ashley Crane,Afghanistan,fhughes@yahoo.com
214,John Baldwin,Monaco,josephlynn@mclaughlin.org
215,Tiffany Allen,Guinea-Bissau,rogerssandra@kennedy.com
216,Jared Cabrera,Germany,uhoward@andrews.com
217,Janet Grant MD,Belize,vanessapayne@gmail.com
218,Cameron Glover,Liechtenstein,philip96@hotmail.com
219,Melissa Fleming,Israel,johnsonjohn@hotmail.com
220,Anthony Carey,Finland,portiz@moon.org
221,Andrew Dominguez,Costa Rica,marisa50@yahoo.com
222,Julia Taylor,Canada,ckaufman@johnson.com
223,Christine Jones,United States Minor Outlying Islands,josephcabrera@miller.com
224,Adam Lawrence,Saint Lucia,kburke@beck-wood.com
225,Victoria Harper,Heard Island and McDonald Islands,emmayoung@murray.com
226,Elizabeth Huffman,Monaco,heathercarter@washington.biz
227,James Buchanan,New Caledonia,justin76@gmail.com
228,Benjamin Cooper,Georgia,whitemichael@best-morales.com
229,Matthew Blanchard,Brazil,cynthia87@gmail.com
230,Vanessa Bates,Bosnia and Herzegovina,richardosborne@yahoo.com
231,Patricia Brown,Turks and Caicos Islands,btucker@gmail.com
232,David Stewart,Belarus,brianna44@spencer-williams.com
233,Gregory Tucker,Greenland,nicholas57@hotmail.com
234,Jason Atkinson,Brunei Darussalam,gjones@turner.com
235,John Camacho,Saint Kitts and Nevis,bmyers@yahoo.com
236,Andrea King,United States Virgin Islands,thomas95@salazar.net
237,Michael Berry,Bhutan,johnsonpaula@hotmail.com
238,Matthew Rodriguez,Netherlands Antilles,christophercook@alvarez.biz
239,Mary Krueger,Cook Islands,toddguzman@yahoo.com
240,Michael Dunlap,French Southern Territories,urogers@yahoo.com
241,Mary Wall,Saint Helena,sheriwoods@douglas-mendoza.net
242,Sandra Bush,United Arab Emirates,tanya14@dalton-chung.com
243,Kevin Taylor,Philippines,angelascott@yahoo.com
244,Tanya Garza,Rwanda,jeffrey89@gmail.com
245,Joe Sullivan,United States of America,kent68@moreno-gray.com
246,James Harrington,Gabon,owensveronica@yahoo.com
247,Daniel Williams,Czech Republic,lorraine22@hotmail.com
248,Larry Hensley,Aruba,elizabethdavid@hotmail.com
249,Shelley Smith,New Zealand,garciajon@gmail.com
250,Rachel Blair,Japan,woodardcourtney@hotmail.com
251,Marissa Wilson,France,ann69@williamson.net
252,Edward Davis,Uzbekistan,ericksonlaura@avila-richardson.com
253,Brittany Villa MD,New Zealand,samantha29@yahoo.com
254,Lisa Rice,Guam,diana94@gmail.com
255,Mark Ramos,Saudi Arabia,swade@hotmail.com
256,Nathan Miller,Egypt,eliu@pope.com
257,Melanie Harvey,South Georgia and the South Sandwich Islands,padillakevin@stewart.com
258,Mark Gray,United States Virgin Islands,smithmarie@gmail.com
259,Jacqueline Galloway,Jersey,haroldatkinson@yahoo.com
260,Briana Gregory,Morocco,justin24@smith-morales.biz
261,Mary Martinez,Anguilla,dave81@hotmail.com
262,Connie Rodriguez,Lao People's Democratic Republic,mccartytravis@yahoo.com
263,Jose Grant,Reunion,katherine56@gibson-adams.com
264,Dale Cisneros,Congo,lopezalicia@gmail.com
265,Phillip Ward,Moldova,melodyhardy@gmail.com
266,Kevin Rose,Denmark,nelsonmelinda@dunn-navarro.org
267,Jessica Duran,Georgia,kristinamcconnell@burnett.biz
268,Alex Rodriguez,France,skinnerglen@gmail.com
269,Sandra Vaughn PhD,Cocos (Keeling) Islands,williamscharles@lutz-smith.com
270,Douglas Banks,Saint Kitts and Nevis,stephen12@yahoo.com
271,Jeanette Christian,Dominican Republic,sroberson@smith.biz
272,Stephanie Ware,Cocos (Keeling) Islands,riveramatthew@aguilar-edwards.org
273,Jerry Taylor,Croatia,warrenjasmine@morgan-pennington.info
274,Carolyn Webb,Papua New Guinea,perezbrent@dean.com
275,Neil Price,Turkey,jamiedeleon@hotmail.com
276,Abigail Williams,Heard Island and McDonald Islands,woodsrobert@yahoo.com
277,Jamie Johnston,Tajikistan,heather14@cook.com
278,Dr. Christina Hall,Myanmar,blairmichelle@hernandez-vincent.info
279,Daniel Gibbs,Burundi,christopher19@bird.info
280,Tammy Davis,Falkland Islands (Malvinas),henry39@wheeler.com
281,Michele Terry,United States of America,rebecca91@gmail.com
282,Joseph Farmer,Uganda,fmoran@peters.info
283,Regina Martinez,Gibraltar,stephencollins@harris.net
284,Mark Brown,Korea,jane52@carrillo.info
285,Sydney Gonzalez,Singapore,dallen@casey-cooper.com
286,Nicholas Williams,Kenya,lisa95@goodman.com
287,Roberto Mitchell,Micronesia,zdunlap@kennedy.com
288,Scott Smith,Qatar,zflowers@yahoo.com
289,Jennifer Hayes,Pitcairn Islands,kyleboone@gmail.com
290,Michael Wade,Kenya,david41@mendoza.info
291,Mr. David Carroll,Somalia,pbailey@hotmail.com
292,John Roth,Christmas Island,adriennewood@yahoo.com
293,Amanda Mclaughlin,Kyrgyz Republic,stephaniesnyder@lawrence.com
294,Kenneth Clark,Yemen,rpena@martin.com
295,Kayla Cabrera,Croatia,lopeznatasha@smith-francis.info
296,Carlos Perkins,Macedonia,pkeller@gmail.com
297,Mr. Sean Morris Jr.,Cocos (Keeling) Islands,nelsoncharles@walker.info
298,Drew Martinez,Bulgaria,daniel90@wallace.net
299,Edward Chandler,Panama,tara41@franklin.com
300,Michael Bruce,Guatemala,igibson@gmail.com
301,Dr. James Carpenter,Bolivia,jonathan23@castro.net
302,Kelly Shelton,Trinidad and Tobago,mahoneyjessica@wilson.org
303,Scott Reyes,Slovakia (Slovak Republic),garzadavid@gmail.com
304,Craig Rangel,Egypt,connor29@yahoo.com
305,Andrew Barnett,Niger,jillmalone@hotmail.com
306,Meghan Gilbert,French Guiana,davisbrenda@hotmail.com
307,Tamara Caldwell,Bulgaria,ccarr@yahoo.com
308,Dr. Michele Hall,Azerbaijan,robinmoran@bryant.com
309,David Higgins,Tunisia,christophergoodwin@chan.com
310,Matthew Morris,Iraq,benjamin37@yahoo.com
311,Rachel Bennett,Finland,antonio32@gmail.com
312,Karl Hull,Belgium,renee54@pacheco-briggs.com
313,Mia Clark,Serbia,tony00@gmail.com
314,Kayla Hart,Cook Islands,karen19@hotmail.com
315,Robert Martin,Romania,shawmark@mcintyre.com
316,Jordan Murphy,Ireland,miguelsmith@gmail.com
317,Bradley Green,Montenegro,asanchez@morales.com
318,Christine Vincent,Congo,ngonzalez@hotmail.com
319,Nicholas Lewis,Comoros,dfrank@oneill.com
320,Matthew Berger,Afghanistan,amychavez@wood-larson.com
321,Antonio Brady,Belarus,jamesshaffer@gmail.com
322,Diana Johns,Malta,wendy56@martin-skinner.com
323,Crystal Reyes,Namibia,corey82@robles.com
324,Yvonne Wilkins,Eritrea,jesse14@gmail.com
325,Brian Arnold,Saint Kitts and Nevis,garciaeric@hotmail.com
326,David Johnson,Mauritania,umcclain@young.com
327,Aaron Bowen,United Kingdom,millererin@jones-garcia.com
328,Steven Diaz,Finland,mitchellrobinson@larson-foster.net
329,Christopher Haynes,Poland,cwilkins@yahoo.com
330,Hannah Garner,Georgia,dmoore@yahoo.com
331,Tonya Williams,Montenegro,marcdavis@yahoo.com
332,Matthew Smith,Puerto Rico,katelynsloan@hotmail.com
333,Joseph Kennedy,Mali,melissacarpenter@yahoo.com
334,Emily Ruiz,Mozambique,erin10@gmail.com
335,Amber Dunlap,Nepal,jnorton@marshall-watson.com
336,James Malone,Nepal,annegarcia@rivera-hood.com
337,Lisa Romero,Bouvet Island (Bouvetoya),mooresteven@fleming.org
338,Timothy Cruz,Guernsey,johnny41@yahoo.com
339,Angela Lane,Saudi Arabia,timothy06@morrison-arnold.com
340,Kristin Johnson,Cape Verde,bbernard@gmail.com
341,James Massey,Belize,ronaldlove@kidd.com
342,Robert Ortiz,Russian Federation,selena20@gmail.com
343,Michael Williamson,Pitcairn Islands,lawrencelowe@gmail.com
344,David Young,Bahrain,jacksonlaura@dominguez.net
345,Douglas Nguyen,Bosnia and Herzegovina,dylanvega@gmail.com
346,Brittany Payne,Spain,maureenthomas@barnes.com
347,Gary Roberts,Marshall Islands,fwhite@odonnell-mays.com
348,Benjamin Barton,Nauru,ryan25@yahoo.com
349,Jane Hall,Kuwait,frankbaker@hotmail.com
350,Stephen Garrett,Macao,joel38@hotmail.com
351,Jerry Durham,Korea,gina94@long-ferguson.com
352,William Schwartz,Hong Kong,tmorrow@rosales.com
353,Ronald Anderson,Solomon Islands,ashley54@yahoo.com
354,Susan Mccall,Russian Federation,steven47@gmail.com
355,Kim Martinez,Palestinian Territory,pattyperry@gmail.com
356,Andrew Oconnor,Latvia,vjackson@hotmail.com
357,Angela Hall,Wallis and Futuna,william49@hebert.org
358,Jamie Clark,Kyrgyz Republic,michaelreyes@schultz.com
359,Paul Duran,Bermuda,eavila@gmail.com
360,Kayla Edwards,United Arab Emirates,christinajones@walker.com
361,Matthew Barnes,Italy,zanderson@gmail.com
362,Brian Stein,Equatorial Guinea,milesmark@coleman.com
363,Jordan Smith,Pitcairn Islands,pereztraci@schultz.com
364,Adam Kramer,Uruguay,amywalsh@steele.com
365,Kathleen Hall,Guinea-Bissau,achang@hotmail.com
366,Donna Pineda,Latvia,luis02@gmail.com
367,Mario Scott,New Zealand,sararamsey@yahoo.com
368,Emily Fitzgerald,South Georgia and the South Sandwich Islands,megandavis@hotmail.com
369,Eugene Young,Namibia,uwallace@yahoo.com
370,Jorge Livingston,Malaysia,jacob58@hotmail.com
371,Nancy Robbins,Morocco,earmstrong@pearson.biz
372,William Simmons,Sao Tome and Principe,aaron99@gmail.com
373,Katrina Garza,American Samoa,vpeterson@watson-rivera.com
374,Ryan Schneider,Argentina,saraskinner@yahoo.com
375,Megan Price,Tanzania,taylor52@ortega.com
376,Mallory Bailey,Maldives,alisonduran@reed-wong.com
377,Sean Becker DDS,Netherlands Antilles,jasonclayton@marshall-taylor.org
378,Brittany Woods,Grenada,cdunn@gmail.com
379,Ryan Cooper,Bahrain,andreamcdaniel@gmail.com
380,Bruce Roberts,Turks and Caicos Islands,qgomez@clark.com
381,Michael Palmer MD,United Kingdom,tlopez@gmail.com
382,Blake Harrison,Spain,collinsbrian@allen.org
383,Jennifer Evans,Bahrain,jodi87@yahoo.com
384,Jackie Lyons,Cayman Islands,shelby77@gmail.com
385,Anne Arnold,Namibia,dwayneallen@cannon.net
386,Ryan Hogan,Timor-Leste,brianjohnson@yahoo.com
387,Aaron Lee,Taiwan,gabrielbrown@johnson.com
388,Thomas Rivera,Tuvalu,douglas45@rocha.com
389,Zachary Morse,Switzerland,howardheather@greer.com
390,Aaron Lopez,Somalia,lwillis@hotmail.com
391,Brandon Taylor,Niger,terrellkevin@jacobson.com
392,Sandra Farmer,Wallis and Futuna,dlucas@yahoo.com
393,Anthony Walker,Cape Verde,michael79@becker.com
394,Daniel Tapia,Thailand,jkirk@gmail.com
395,Amanda Dudley,Palau,nataliewilliams@moyer.com
396,Lynn Perry,Swaziland,michaelcarter@hotmail.com
397,Edward Sawyer,Belarus,katiemartin@gmail.com
398,Jessica Williams,Eritrea,sjohnson@hotmail.com
399,Bryan Morales,Kyrgyz Republic,walkersharon@herrera.com
400,Brooke Sanchez,Dominican Republic,theresajordan@hotmail.com
401,David Fry,Luxembourg,greenrebecca@hotmail.com
402,Taylor Greene,Congo,mmartinez@hotmail.com
403,Erin Garza,Iceland,serranosabrina@yahoo.com
404,Katherine Peters,Germany,ustevens@green-buckley.com
405,Julia Robinson,Ghana,samantha47@oconnor.com
406,Michael Patel,Aruba,marymills@hotmail.com
407,Daniel Caldwell,Israel,richard88@walker.info
408,Cassandra Shah,Martinique,erikrogers@myers.com
409,Rebecca Briggs,Djibouti,zlewis@yahoo.com
410,Steven Watkins,Palestinian Territory,batesandrew@yahoo.com
411,Ernest Maxwell,Bolivia,adamsbeth@owens-ortiz.com
412,Eric Newman,Sao Tome and Principe,jcohen@rivera.info
413,Alexander Burnett,Egypt,schavez@hotmail.com
414,Monica Murray,British Indian Ocean Territory (Chagos Archipelago),wwilliams@hotmail.com
415,Donna Robinson,Mozambique,robertmoore@hotmail.com
416,Daniel Hickman,Greece,buchananstanley@frazier.biz
417,Joe Williams,Anguilla,youngjames@kelly.com
418,Sara Baker,Korea,richard15@gmail.com
419,Dr. Diana Martinez,Central African Republic,bowersamanda@hotmail.com
420,Christine Hill,Venezuela,james90@hotmail.com
421,Danielle Davis,Yemen,garciaelizabeth@gmail.com
422,Robert Johnston,Haiti,kfloyd@yahoo.com
423,Christina Bruce,Svalbard & Jan Mayen Islands,christopher46@stephenson.com
424,Kevin Mitchell,Nepal,ipowers@hotmail.com
425,Thomas Mills,Pitcairn Islands,andersonkevin@hotmail.com
426,Tina Marsh,Tuvalu,vanessahouse@gmail.com
427,Betty Bennett,Papua New Guinea,nicole81@yahoo.com
428,Jeremy Hill,Senegal,brucesuzanne@anderson-smith.com
429,Maria Ramirez,Zimbabwe,timothyturner@gmail.com
430,Laura Duran,Guadeloupe,reevesmichelle@flores.com
431,Paul Logan,Panama,ryanmargaret@webster.com
432,Eric Rivas,Saudi Arabia,nunezdillon@martin.com
433,Carl Padilla,Marshall Islands,davidsonwendy@hotmail.com
434,Lonnie Armstrong,Somalia,bishoptimothy@williams-brown.org
435,Kayla Reed,Guadeloupe,alexanderchristopher@pierce-hoover.org
436,Ashley Morris,Cape Verde,brian65@yahoo.com
437,Mark Mcdonald,Cape Verde,heidiobrien@yahoo.com
438,Mark Coleman,Korea,steven06@armstrong-coleman.com
439,Elizabeth Byrd,Burundi,richard43@mcdonald.com
440,Alexandra Reilly,Togo,hunterdeanna@gmail.com
441,Yesenia Thompson,China,annahill@nelson.com
442,Shannon Richmond,Israel,wigginsvictor@yahoo.com
443,Kurt Mills,Mozambique,petersonsheri@yahoo.com
444,Anthony Cannon,Dominican Republic,cnelson@gmail.com
445,Jeremiah Frank,Tonga,brandon64@kirby.com
446,Jason Carter,Norway,nolanjason@hotmail.com
447,Teresa Bowman,Saint Lucia,cmoore@gmail.com
448,Travis Huber,Uganda,dsutton@yahoo.com
449,Mark Lee,Barbados,dperkins@sullivan-mejia.com
450,Crystal Edwards,San Marino,blong@bush.net
451,Jennifer Washington,Romania,kathywilliams@yahoo.com
452,Sarah Lara,Azerbaijan,pjenkins@durham-mccormick.com
453,Kristen Fritz,Lao People's Democratic Republic,ralph11@acosta.info
454,Wendy Lewis,Saint Helena,gamblejessica@gmail.com
455,William Morales,Botswana,joeljohnson@cline.com
456,Julie Saunders,Mali,christineperez@roach.com
457,Randall Nelson,Cyprus,kenneth56@nelson.com
458,Joanna Reed,Liechtenstein,tross@smith.com
459,Lisa Leach,Tajikistan,katherine62@hayes.com
460,Daniel Mccarthy,United Kingdom,colejared@cook-marquez.com
461,Kim Johnson,Argentina,randallbuck@gmail.com
462,David Johnson,Afghanistan,jessicahaynes@yahoo.com
463,Joseph Munoz,Suriname,vedwards@rodriguez.net
464,Kathryn Edwards,Congo,johnstonvictor@hotmail.com
465,Ashley Castaneda,Denmark,evanswilliam@hartman.com
466,Richard Baker,Taiwan,rwillis@beasley.com
467,Shane Soto,Macedonia,nhamilton@hotmail.com
468,Debra Pearson,Kuwait,christopher53@hotmail.com
469,James Sanchez,Macao,katelynaustin@hotmail.com
470,William Brown,Belize,wbenton@carr.info
471,Mr. Evan Flores MD,Kuwait,thomas65@hotmail.com
472,William Williams,Bahrain,whitney08@marquez.org
473,Mr. Juan Walton Jr.,Congo,jacksonkevin@yahoo.com
474,Donna Frederick,Antigua and Barbuda,moralessharon@vasquez.com
475,Nicholas Armstrong,Poland,zachary69@gmail.com
476,Mark Powers,Mongolia,johnmorgan@hotmail.com
477,Richard Hernandez,Croatia,crystallee@hotmail.com
478,Kelly Davis,Saudi Arabia,usuarez@hotmail.com
479,Elizabeth Curtis,United States Virgin Islands,ulowe@singleton-morales.biz
480,Christopher Fitzgerald,Greenland,collinsdenise@gmail.com
481,Tanner Mcintosh,Maldives,jennifer62@yahoo.com
482,Katie Estrada,Angola,sotolarry@mccoy-arnold.org
483,Kristen Calderon,Ghana,avilla@lane.com
484,Sandra Bautista,Belize,richardslisa@harrell.info
485,Karen Woodard,New Zealand,joshua53@gmail.com
486,Michelle Dennis,New Caledonia,cwilson@hotmail.com
487,Todd Baldwin,British Virgin Islands,dmontgomery@brown-blanchard.net
488,Jeremy Clay,Algeria,jennifer11@moore-deleon.com
489,Johnny Benjamin,Micronesia,shannonschultz@gilbert.com
490,Julie Warren,Nicaragua,warren84@doyle.com
491,Haley Hernandez,Holy See (Vatican City State),ihays@smith.info
492,Elizabeth Rose,Morocco,norriscassie@yahoo.com
493,Dawn Richardson,Turkey,ellenjimenez@gmail.com
494,Cynthia Medina,Malaysia,chaneyricardo@wilson.com
495,Allison Stewart,United Arab Emirates,jasminesantiago@hotmail.com
496,Paul Ward,Rwanda,patrickhall@yahoo.com
497,Gregory Day,Madagascar,hruiz@cooper-martin.com
498,Terrence Byrd,Nicaragua,kennethgrant@gmail.com
499,Jeff Mcmillan,Bosnia and Herzegovina,sadams@hayes.com
500,Matthew Shaw,Cook Islands,jwalker@hotmail.com
501,Andrea Williams,Luxembourg,jameswoods@bennett.net
502,Jerry Munoz,Somalia,thomas84@yahoo.com
503,Phillip Escobar,Mongolia,kennethsanchez@steele.net
504,Kyle Henderson,Ethiopia,joshuaharmon@yahoo.com
505,Jillian Buchanan,Cote d'Ivoire,wardfrank@gmail.com
506,Jordan James,Fiji,ubrown@hotmail.com
507,Abigail Parker,Palau,john71@hotmail.com
508,Brittany Johnson,Korea,swood@gmail.com
509,Mariah Ruiz,Northern Mariana Islands,allenrichard@anderson.com
510,Glenn Salazar,South Georgia and the South Sandwich Islands,williamsmichael@clark-bowman.com
511,Andrew Holland,Cyprus,gary78@yahoo.com
512,Haley Todd,San Marino,whitemary@hotmail.com
513,Julie Mcfarland,Portugal,christineerickson@gates.com
514,Taylor Bryant,Guatemala,rmichael@yahoo.com
515,Barbara Williamson,Serbia,dawnrhodes@alexander.org
516,Destiny Wong,Guernsey,bryanmckay@pennington-lopez.info
517,Victoria Becker,Grenada,kperkins@hotmail.com
518,Mr. Michael White,Somalia,erin51@gmail.com
519,Lauren Jackson,Estonia,cuevasrachael@hotmail.com
520,Sherry Gardner,Pakistan,marissa39@yahoo.com
521,Christopher Hudson,Lithuania,turnerchristopher@bennett.com
522,Dennis West,Guernsey,carlosjones@gmail.com
523,Tanya Solomon,Mauritania,benjaminturner@gmail.com
524,Antonio Johnson,Zimbabwe,chudson@yahoo.com
525,Karen Walsh,Grenada,christopher44@yahoo.com
526,Brett Henry,Ethiopia,juliewheeler@hotmail.com
527,Jordan Wilson,Bosnia and Herzegovina,wtaylor@bradley.info
528,David Wells,Kazakhstan,jessica86@taylor.com
529,Ashley Rodriguez,Tajikistan,mitchellgrant@gmail.com
530,Rachel Bennett,Kiribati,rebecca67@hotmail.com
531,Jeffrey Nolan,Christmas Island,romeroheather@lambert.com
532,Jeffrey Green,Mongolia,danielgibson@hotmail.com
533,Zachary James,Spain,marksmith@wilson.com
534,Theresa Floyd,Germany,vthomas@gmail.com
535,Jon Hurst,Bahrain,albertlove@walters.net
536,Tony Pearson,Lebanon,tomthomas@yahoo.com
537,Jeffrey Smith,Western Sahara,lindseywilson@gmail.com
538,Melissa Fitzpatrick,Norway,spencermorgan@smith.biz
539,Benjamin Carlson,Mayotte,yjohnson@carr.com
540,David Adams,Antarctica (the territory South of 60 deg S),floydjessica@george-dominguez.com
541,Sarah Osborne,Germany,mistyjackson@petty.com
542,Sherry Huang,Algeria,teresa89@hotmail.com
543,William Hughes,Norfolk Island,jeffrey28@chapman.com
544,Dr. Christopher Mueller,Equatorial Guinea,james90@gmail.com
545,Madison Love,Lithuania,jennifer28@black-robinson.com
546,Kelsey Donovan,France,megancastillo@parsons.com
547,Dawn Goodman,Croatia,john72@yahoo.com
548,Maria Thompson,Moldova,meganward@burton.com
549,Heather Marshall,Western Sahara,ugreen@hotmail.com
550,Jacob Lozano,Eritrea,angelacombs@lane.org
551,Robert Rodriguez,Ukraine,allenkurt@howard.com
552,Amanda Garcia,Hungary,rmcgee@anderson.com
553,Nicholas Peters,Maldives,sydneynovak@gmail.com
554,Rodney Mccoy,Luxembourg,bbradley@gmail.com
555,Cindy Blanchard,Libyan Arab Jamahiriya,hoffmanamanda@yahoo.com
556,Matthew Huerta,Monaco,jonesthomas@hotmail.com
557,Jason Palmer,Oman,gary23@rogers.com
558,Wendy Bell,Russian Federation,ahernandez@hotmail.com
559,Erica Haynes,Nicaragua,nicole53@malone.com
560,Thomas Johnson,New Caledonia,aaronjohnson@gmail.com
561,Eugene Wilkinson,Martinique,kelseybaldwin@yahoo.com
562,Christian Rivera,Bermuda,cookeashley@gmail.com
563,Kimberly Mendez,Malta,james08@solis-johnson.info
564,Daniel Taylor,Comoros,qnewman@yahoo.com
565,David Williams,South Africa,holmesgregory@fox.org
566,Jermaine Marshall,El Salvador,adougherty@long.com
567,Samantha Garcia,Saudi Arabia,lloydkaren@anderson-morrow.info
568,Gary Miller,Heard Island and McDonald Islands,qbarton@gallegos.net
569,William Gibbs,Mauritius,cmiles@yahoo.com
570,Jeff Potter,Turkmenistan,ronaldmcdaniel@perez-arias.info
571,Debra Davis,Mali,ewiggins@mendoza.com
572,Sean Allen,Jamaica,jonathan46@gmail.com
573,Tina Smith,South Georgia and the South Sandwich Islands,shelleytaylor@hotmail.com
574,Jennifer Lang,Saint Barthelemy,mmckenzie@yahoo.com
575,Lauren Stewart,Anguilla,claymichelle@yahoo.com
576,Nicole Gonzales,Singapore,rebeccalee@heath-hogan.com
577,Robert Barnett,Mauritius,fisheraaron@gmail.com
578,Dr. Isaac Frank,Lithuania,kevinjenkins@schmitt.info
579,Ariel Cain,Cambodia,phyllisgreen@ortiz-kramer.com
580,Glenn Ford,Uruguay,holtelizabeth@jones.info
581,Franklin Knight,Heard Island and McDonald Islands,egutierrez@rodriguez.com
582,John Avery,Iran,vwalter@yahoo.com
583,Stephanie Wright,Mexico,zjordan@jones.com
584,Madeline Flores,France,romanmadison@gmail.com
585,Vincent Shah,United States Minor Outlying Islands,zayala@hernandez.com
586,Ricky Padilla,Romania,cstafford@gmail.com
587,Sara Gonzalez,Kenya,longmary@taylor.com
588,Jacob Saunders,Tonga,rwalker@yahoo.com
589,Sharon Vance,Finland,dillon31@rivera-rose.com
590,Victoria Benitez,Egypt,montoyagabrielle@mccormick.net
591,John Michael,Ethiopia,uodonnell@yahoo.com
592,Brandon Miller,Belgium,charles73@hudson.com
593,Jason Romero,Bulgaria,ggonzalez@yahoo.com
594,Justin Smith,Brazil,nathanielturner@espinoza.com
595,Angela Walters,Philippines,krista59@gmail.com
596,Juan Davenport,Guadeloupe,vmitchell@meyers.com
597,Laura Johnson DVM,Tokelau,michaelharrison@yahoo.com
598,David Willis,American Samoa,alisha61@gmail.com
599,Robert Walton,Burundi,saramorgan@yahoo.com
600,Steven Phillips,Jamaica,melindarobinson@patterson.info
601,David Jones,Tajikistan,williamsashley@clark.biz
602,Christopher Moss,Barbados,terriayala@gmail.com
603,Mrs. Melissa Miller,Cook Islands,webbshane@lang.biz
604,Dylan Scott,United States of America,clarkgregg@jones.com
605,Andrew Collins,Portugal,chelsea67@hunter-moss.com
606,Jennifer Brown,Dominica,albert23@cross.com
607,Andrea Guerra,Iceland,scottflores@yahoo.com
608,Jose Scott,Tajikistan,plopez@obrien.com
609,Jesus Lawson,Syrian Arab Republic,sarah99@yahoo.com
610,Jacob Harmon,Cook Islands,tabithaallen@hotmail.com
611,Larry Brown,Morocco,millerstacey@phillips-turner.com
612,Christy Ramos,Qatar,yphillips@allen.com
613,James Adams,Philippines,brian08@yahoo.com
614,Kayla Murphy,Bulgaria,ryan12@hotmail.com
615,Wesley Lewis,Bosnia and Herzegovina,hbaker@yahoo.com
616,Ashley Hunt,Malaysia,bonniemurphy@yahoo.com
617,Melissa Cook,Swaziland,derek57@yahoo.com
618,Christine Pennington MD,Taiwan,wadams@gmail.com
619,Chase Green,Guernsey,justinandrews@hotmail.com
620,Angela Reeves,Angola,apark@franklin-elliott.org
621,Marvin Ho,Finland,barnessteve@hotmail.com
622,Barry Davis,New Zealand,dwhite@williams-robbins.com
623,Heather Hernandez,Lesotho,joseph52@knapp.info
624,Melinda Cortez,Comoros,jessicanolan@hotmail.com
625,Susan Marquez,United States Virgin Islands,charles69@larson.com
626,Jenna Bright,India,dannylarson@gmail.com
627,Leonard Graves,Mexico,zachary97@hotmail.com
628,Abigail Davis,Norfolk Island,omartinez@zimmerman.com
629,Chad Fields,Netherlands,ebony74@rodriguez.info
630,Kathy Williams,Gambia,josejordan@reyes.org
631,Sean Sanders,Egypt,schneiderbarbara@yahoo.com
632,Cindy Ross,Morocco,debramccullough@hunter-wall.com
633,Sean Davis,Niger,ylewis@gmail.com
634,David Johnson,Western Sahara,steven49@vega.net
635,Roger Hunter,Malaysia,michele76@gmail.com
636,Ryan Kennedy,Lithuania,dgarcia@gmail.com
637,Jared Fuller,Armenia,jodiking@berry.com
638,Travis Irwin,United States Virgin Islands,brittney79@hotmail.com
639,Mario Lang,Cayman Islands,jhall@bender-sutton.net
640,Valerie Smith,Liechtenstein,ajacobs@hotmail.com
641,Rebecca Lynn,Denmark,shane39@hudson-powell.com
642,Christopher Fisher,Martinique,ryanpaul@hotmail.com
643,Amy Myers,South Africa,jonathangentry@gmail.com
644,Kayla Serrano,Saint Vincent and the Grenadines,michaelrogers@lewis.info
645,Tracie Kennedy,Switzerland,james45@gmail.com
646,Ryan Williams,Senegal,stephaniemyers@hotmail.com
647,Timothy Flores,Hong Kong,bking@gmail.com
648,Lisa Carter,Andorra,courtney54@yahoo.com
649,Garrett Dyer PhD,Zambia,susan66@gmail.com
650,Katie Lane,Madagascar,meganboyd@jenkins-howard.com
651,Joanna Mata,Saudi Arabia,ernest97@parsons.biz
652,Michael Dominguez,Bulgaria,cooperkari@mitchell-miller.com
653,Abigail Jacobs DDS,Ecuador,shelby57@kelly-gibbs.com
654,Amy Gardner,Costa Rica,lynchjessica@douglas.info
655,Dr. Tyler Rodriguez,Montserrat,smithmatthew@mckenzie.com
656,Elizabeth Herrera,France,pochoa@gibbs.info
657,Christina Moore,Brunei Darussalam,vmendoza@gmail.com
658,Jennifer Ortiz,Vanuatu,arthurtran@yahoo.com
659,Robert Payne,Isle of Man,fferguson@yahoo.com
660,Joseph Johnson,Ukraine,lgardner@hotmail.com
661,Douglas Flores,Panama,robyn96@hotmail.com
662,Gregory Bailey,Bouvet Island (Bouvetoya),michaelallen@shah.com
663,Eric Mcneil,French Guiana,woodsmorgan@hotmail.com
664,Thomas Garner,Hungary,phenderson@yahoo.com
665,Jessica Rodriguez,Guatemala,noahbowman@baldwin.biz
666,Jasmine Bennett,Kyrgyz Republic,samantha87@hutchinson.net
667,Michelle Spears,Ireland,zjohnston@perez-torres.com
668,Miguel Holmes,Comoros,anna83@gmail.com
669,John Landry,Bolivia,yriley@wilson-johnson.com
670,Sandra Collins,Belize,wmartin@gmail.com
671,Craig Blake,Namibia,hudsonbradley@hotmail.com
672,Laura Arellano,Libyan Arab Jamahiriya,rsmith@yahoo.com
673,Ricky Ortiz,Antarctica (the territory South of 60 deg S),ybaxter@yahoo.com
674,Dr. Paul Williams,Peru,ecolon@brooks-quinn.com
675,Thomas Harrison,Kyrgyz Republic,kathleenmolina@rogers-thomas.com
676,Daniel Jenkins,Sweden,tperez@gmail.com
677,Robert Lowe,Guam,clintonwhite@hotmail.com
678,James Hart,Bhutan,colethomas@yahoo.com
679,Robert Moore,Greece,brittany68@hotmail.com
680,Ashley Hernandez,Cook Islands,cgarcia@yahoo.com
681,Jeffrey Liu,Sri Lanka,michelle39@oneal-brown.com
682,Brent Gonzalez,Nicaragua,david71@gmail.com
683,Matthew Mueller,Gibraltar,qpayne@gmail.com
684,Alisha Garcia,Svalbard & Jan Mayen Islands,kgarza@smith-hood.biz
685,Gregory Allen,Heard Island and McDonald Islands,xjones@strickland-nixon.com
686,Katelyn Stephens,Kiribati,shelbywilson@hotmail.com
687,Laura Sullivan,Burundi,frederickdenise@yahoo.com
688,Christopher Morgan,Somalia,tmartinez@yahoo.com
689,Andrea Johnson,Djibouti,christina92@charles.com
690,Christine Lopez,Mongolia,davidharris@green.com
691,Nancy Barnett,Morocco,tonyabartlett@gmail.com
692,Penny Allen,Sierra Leone,jane97@bennett-lee.com
693,Rebecca Mcdonald,Canada,jimmy97@fitzpatrick.biz
694,Mallory Nicholson,Costa Rica,emilyblack@hotmail.com
695,Jennifer Meyer,United Arab Emirates,cdaniels@hotmail.com
696,Robert Smith,Malta,wmeyer@gonzales.info
697,Jeffery Martin,Tokelau,reyestrevor@yahoo.com
698,Michael Lawrence,Estonia,johnhahn@hotmail.com
699,Lisa Murillo,Kyrgyz Republic,moodyaimee@howell-martinez.com
700,Jennifer King,Svalbard & Jan Mayen Islands,smithdeanna@hotmail.com
701,Haley James,Romania,christopher96@yahoo.com
702,Debra Williams,Benin,kevinmata@russell.com
703,Gary Dunn,Jamaica,martinezveronica@hernandez.com
704,John Clark,Colombia,hernandezmatthew@gmail.com
705,David Wang,Grenada,melinda73@hotmail.com
706,Phyllis Coffey,Monaco,jeanette22@avery-lynch.org
707,Vanessa Howard,Lebanon,qwilliams@gmail.com
708,Peter Marshall,Dominica,monica89@taylor.com
709,David Garner,Christmas Island,bondkim@morales.com
710,Amanda Chambers,Georgia,ahess@hotmail.com
711,James Scott,Marshall Islands,hperry@morris.net
712,Timothy Diaz,Saint Lucia,townsendpam@yahoo.com
713,John Salazar,Cayman Islands,edwardsrobert@greene.org
714,Jonathan Miller,Algeria,elizabeth45@vargas.net
715,Beth Henderson,Eritrea,emily47@hotmail.com
716,Brenda Moran,Venezuela,lisajohnson@gmail.com
717,Kevin Meyer,Gambia,robertsmith@santos-mason.com
718,Kevin Jacobs,Greece,sarahfuentes@gmail.com
719,Todd Hammond,Kenya,douglasshepard@huerta.com
720,Melanie Munoz,United States Minor Outlying Islands,paul58@gonzales.com
721,Melissa Clark,Jamaica,jenkinschristine@hotmail.com
722,Amanda Alexander,Israel,katherinespencer@yahoo.com
723,Matthew Rodriguez,Norfolk Island,hamptonmichael@sanders-white.com
724,Tracey Chambers,Ghana,sean73@clark.com
725,Jessica Mcmillan,United States Virgin Islands,dlang@bailey-strong.org
726,Caitlin Roy,Rwanda,aaronjones@walker.com
727,Gabriel Taylor,New Zealand,mjohnson@gmail.com
728,Jorge Mercer,Singapore,kimberly91@martinez.biz
729,Chelsea Norton,Palau,ralvarez@hotmail.com
730,Ronald Proctor,Bulgaria,campbellryan@gmail.com
731,Michael Blair,Jamaica,dale78@yahoo.com
732,Mark Brown,French Guiana,edwin27@oliver.org
733,Eric Schmitt,Sri Lanka,zhodge@jones.info
734,Patricia Hernandez,Niue,bwilliams@hotmail.com
735,Christine Smith,Syrian Arab Republic,stevenbond@williams.com
736,Terri Perez,Malaysia,shannon66@carroll.net
737,Elizabeth Johnson,Syrian Arab Republic,obrock@gmail.com
738,Emma Romero,Antarctica (the territory South of 60 deg S),ashleypatel@moon.com
739,Steven Bell,Cook Islands,jamie18@hotmail.com
740,Nicole Shannon,Azerbaijan,zfrank@nichols.com
741,Nicholas Brown,Sierra Leone,ygray@shaffer-garcia.com
742,Lisa Evans,Cameroon,hmiranda@burns.info
743,Bobby Osborn,New Caledonia,sean53@yahoo.com
744,Samuel Bryant,Heard Island and McDonald Islands,marissamckay@strickland.net
745,Brandi Hill,Norway,kelly20@gmail.com
746,Stacy Cole,Zimbabwe,williamsmelissa@yahoo.com
747,Dr. Derek Smith,Iceland,rsolomon@gmail.com
748,Derrick Lawson,Haiti,alexanderlopez@sullivan.info
749,Rick Cameron,Tokelau,walterjason@hotmail.com
750,Sarah Campbell,Taiwan,frazierscott@yahoo.com
751,Adam Jones,Syrian Arab Republic,vlopez@bridges.com
752,Walter Mitchell,Guam,joshuamyers@rodriguez.com
753,Jared Greene,Saudi Arabia,zacharythompson@gonzales.com
754,Wayne Kennedy,Palau,dorseygary@lara.org
755,Laura Wilkins,Palau,elizabethwright@gray.com
756,Denise Lee,Nauru,williamskatherine@hotmail.com
757,Lori Faulkner,Antarctica (the territory South of 60 deg S),brandi21@hotmail.com
758,Valerie Hudson,Poland,sarahmoore@mills.org
759,Jeffrey Dunn,Saint Pierre and Miquelon,dustinstephens@gmail.com
760,Samantha Williams,Kuwait,swilliams@robinson-schwartz.com
761,Kara Parsons,Jordan,johnsonpatricia@gmail.com
762,Rhonda Perry,Papua New Guinea,danielbright@hotmail.com
763,Ann Johnson,Qatar,fisherjason@wilson.com
764,Dr. Thomas Anderson,Palestinian Territory,romanduane@gonzalez-hawkins.org
765,Rebecca Edwards,Panama,kwarren@yahoo.com
766,Brandi Fuentes,Sao Tome and Principe,wallerpatrick@hotmail.com
767,Michael Hall,Senegal,michaelprice@smith.com
768,Joshua Holt,Christmas Island,christine74@hotmail.com
769,Karen Garcia,United Arab Emirates,eric57@miller.com
770,Melanie Brooks,France,ymiller@gmail.com
771,Thomas Jones,Netherlands Antilles,nicole77@hotmail.com
772,Angela Davis,Cook Islands,sarahgarcia@gmail.com
773,Michele Kelly,Bahrain,brownchristy@gmail.com
774,Joan Moon,Heard Island and McDonald Islands,xhanna@johnson.org
775,Chad Collier,Cape Verde,joshuaprice@hotmail.com
776,Joseph Farrell,Paraguay,francojessica@yahoo.com
777,Lisa Adams,Zimbabwe,ramirezbrandon@yahoo.com
778,Kevin Frey,New Zealand,petergreene@strickland.com
779,Jason Castro,Solomon Islands,briantaylor@yahoo.com
780,Sarah Benson,Pakistan,ksmith@farmer.info
781,Jennifer Shaw DVM,Korea,glennchelsea@gmail.com
782,Shannon Leonard,Madagascar,patelbrian@gmail.com
783,Nancy Peterson,Korea,debramartin@brown-lynn.com
784,Dr. Ann Wells MD,Cambodia,lisahamilton@watkins.com
785,Tonya Kelley,Aruba,normanpace@pierce-fernandez.biz
786,Robert Jackson,Philippines,christinarhodes@gmail.com
787,Donna Henry,Spain,hchapman@oliver.com
788,Jesse Cabrera,Macedonia,penahaley@gmail.com
789,Brenda Ochoa,Benin,vgarcia@gmail.com
790,Angela Roberson,Finland,smithjeffrey@gmail.com
791,Teresa Rocha,Montenegro,cynthia08@gmail.com
792,Leah Miller,Latvia,diazkenneth@kelley-thompson.com
793,Caitlin Anderson,Algeria,jchandler@yahoo.com
794,Ryan Johnson,Cocos (Keeling) Islands,muellerdarrell@yahoo.com
795,Judy Watson,Bhutan,russellmartinez@martinez.org
796,Steve Caldwell,Cote d'Ivoire,phowell@harris-thompson.com
797,Benjamin Dunlap,Faroe Islands,frenchmorgan@johnson.org
798,Robert Smith,Georgia,caitlin57@yahoo.com
799,John Hall,Cayman Islands,berryamanda@hotmail.com
800,Pamela Johnson,Cocos (Keeling) Islands,josephmitchell@keller-gentry.net
801,Kathryn Swanson,Philippines,alejandrawatkins@hotmail.com
802,Mr. Brian Rosales,Luxembourg,cmartinez@miller.com
803,Nichole Thompson,Niue,bbuck@thompson.com
804,Denise Robertson,Hong Kong,patricia90@rodriguez.com
805,Shannon White,Algeria,jennifer41@hotmail.com
806,Maria Lin,Guyana,matthew64@yahoo.com
807,Amy Wagner,Samoa,lisabrown@alexander.org
808,Dr. Lorraine Mcconnell,Turkmenistan,toddsmith@dudley.com
809,Douglas Caldwell,Maldives,kwalls@galloway-manning.com
810,Penny White,Botswana,timothy02@olson.info
811,Paul Wagner,Kazakhstan,sean65@ibarra-green.biz
812,Jeffrey Mcmillan,Sudan,james03@yahoo.com
813,Danielle Douglas,Taiwan,gabriel83@steele.com
814,Lisa Contreras,Cyprus,gford@thompson-anderson.com
815,Todd Hall,Malaysia,jennifer97@yahoo.com
816,Joe Gray,Botswana,jamiebaker@white.info
817,Kevin Garner,Djibouti,zacharysmith@hotmail.com
818,Evelyn Brown,Netherlands,pfernandez@gmail.com
819,Leah Sharp,Belgium,millerrobert@spears.org
820,Brooke Parrish,Cape Verde,vrobbins@hunter.com
821,Anne Nguyen,Luxembourg,matthew05@gmail.com
822,Victoria Mccoy,Lesotho,maryhoffman@yahoo.com
823,Maureen Carlson,South Georgia and the South Sandwich Islands,pateltraci@yahoo.com
824,Sarah Newman,Bangladesh,john33@gmail.com
825,Craig Arias,Japan,lori30@cortez.org
826,Heather Collier,Iran,javier82@yahoo.com
827,Martin Reynolds,Djibouti,hardindanielle@davis.info
828,Madison Tyler,Trinidad and Tobago,robertjohnson@hotmail.com
829,Sherry Wilson,Holy See (Vatican City State),lisatorres@johnson.org
830,Christina Robinson DDS,Macedonia,ebonyphillips@yahoo.com
831,Crystal Smith,Antarctica (the territory South of 60 deg S),johnrodriguez@gmail.com
832,Thomas Walsh,Burundi,ycarter@sanders-hunter.net
833,Julie Richardson,Samoa,autumnsmith@martin.com
834,Noah Kennedy,Saint Pierre and Miquelon,jonathan02@peters.info
835,Sean Tanner,Saint Martin,williammckinney@yahoo.com
836,Kenneth Gordon,Afghanistan,michael94@james.com
837,Lawrence Graham,Kenya,bradleyjackson@gmail.com
838,Kevin Lopez,France,dcontreras@lucero.net
839,Jaime Miller,Mayotte,jacksonjimenez@yahoo.com
840,Julie Glover,Dominican Republic,tonya34@hotmail.com
841,Tammy Davidson,Samoa,zbutler@yahoo.com
842,James Doyle,Bulgaria,destinyweber@yahoo.com
843,Terry Montoya,Sao Tome and Principe,allisondeanna@ellis-walters.com
844,William Lamb,Guernsey,michaelparsons@gmail.com
845,Holly Trevino,Qatar,jimmysmith@hotmail.com
846,Michael Cohen,Belarus,jamesnash@kennedy.com
847,Diana Ford,China,frenchalan@oconnell-woodward.com
848,Tiffany Peterson,Cote d'Ivoire,stephen32@bennett-bryant.com
849,Kelly Rivera,Bahamas,hinesdaniel@hotmail.com
850,Jennifer Stephens,South Africa,isimmons@clayton.com
851,Dorothy Nelson,Korea,ndaniels@yahoo.com
852,Andrew Burton,Sweden,nfreeman@baker.net
853,William Stevens,Azerbaijan,shelley90@gmail.com
854,Keith Villarreal,Niger,dhenderson@miles-jones.com
855,Alex Mccarty,Brunei Darussalam,griffinteresa@ferguson.org
856,Sharon Goodman,Bouvet Island (Bouvetoya),jack35@johnson.com
857,Jamie Wilcox,Kyrgyz Republic,acoffey@hotmail.com
858,William Payne,Grenada,desireeedwards@le.org
859,Amy Juarez,Lithuania,qsutton@hotmail.com
860,Robert Lindsey,Dominica,qcherry@lawrence-harris.info
861,Erica Key,Malawi,wmurphy@gmail.com
862,Brian Young,Belize,scotttina@brown.com
863,Linda Brown,Tajikistan,daviskelly@hotmail.com
864,Trevor Poole,Afghanistan,mperry@yahoo.com
865,Shannon Hogan,Kyrgyz Republic,morrisonchristy@ramos.info
866,Paul Buchanan,French Polynesia,edwardparsons@gmail.com
867,Ian Andrews,Kiribati,pearsonsierra@stanley.net
868,Eric Singleton,Cuba,haileyburnett@hotmail.com
869,Harold Martinez,Ethiopia,mosleychristopher@jones.com
870,Michael Kline,Guinea-Bissau,brandon67@yahoo.com
871,Terri Burnett,United Arab Emirates,daniellewillis@fletcher.biz
872,Bob Hayes,Malawi,shawnhudson@merritt.net
873,Brandon Johnson,India,patriciachen@kim-gibson.com
874,Kristine Garcia,Ireland,annbrown@yahoo.com
875,Kelly Gilmore,Malawi,llewis@gmail.com
876,Angela Schultz,Christmas Island,nicholasgarcia@gmail.com
877,Roberta Wright,Togo,djordan@gmail.com
878,Alexander Lynch,Equatorial Guinea,nancy28@gmail.com
879,Meghan Garrison,Korea,qbarajas@johnson-williams.com
880,Tracy Edwards,Norway,thomasbrianna@leach.org
881,Joyce Wright,Kiribati,esmith@yahoo.com
882,Jessica Brown,Niue,donovanjerome@gmail.com
883,Ronald Miller,Venezuela,tannerlauren@gmail.com
884,Julia Dyer,Finland,ruizseth@beltran.net
885,Amanda Wright,French Polynesia,ortizmichael@ramsey.com
886,Christopher Delgado,Palestinian Territory,madison99@moran.com
887,Anthony Strong,Netherlands,brian22@martinez.com
888,Tyler Weeks,Poland,kennethramirez@yahoo.com
889,Jeffrey Solomon,Mayotte,dreynolds@hotmail.com
890,Eric Wright,Switzerland,erica75@hotmail.com
891,Jay Mendez,Cyprus,adamsann@gmail.com
892,Suzanne Hodge,Grenada,ericdyer@harrison-gutierrez.com
893,John Smith,Kyrgyz Republic,qnguyen@yahoo.com
894,Scott Drake,Syrian Arab Republic,jonathan52@johnson.info
895,Jeffery Rasmussen,Niue,miguelberry@lane.com
896,Bruce Walker,Singapore,smithrhonda@miller.biz
897,Robert Scott,Isle of Man,matthew48@oneal.org
898,William Williams,Mali,allenjessica@yahoo.com
899,Megan Berger,Gabon,zkane@gmail.com
900,Antonio Gray,South Georgia and the South Sandwich Islands,philip41@yahoo.com
901,Anthony Colon,Finland,valenzuelaariel@hotmail.com
902,Erin Davis,Georgia,deborah88@gmail.com
903,Eric Moyer,Hong Kong,snowlaura@gmail.com
904,Steven Wright,Tokelau,fernandobooth@hotmail.com
905,Nicole Allen,Liberia,cmcclain@williams.com
906,Brian Kramer,El Salvador,nathan15@gmail.com
907,Timothy Wilcox,Cook Islands,gibsonadam@lowe.org
908,Michael Graham,Senegal,michael58@burns-sutton.com
909,Sean Hanna,Morocco,crodriguez@evans-dyer.net
910,Tyler Harrison,Botswana,william97@yahoo.com
911,Deanna Alvarez,Antarctica (the territory South of 60 deg S),wardbrandy@yahoo.com
912,Daniel Webb,Hong Kong,harrisnicholas@yahoo.com
913,Lindsey King,Albania,michelle08@hotmail.com
914,Ann Foster,Bulgaria,judy55@gmail.com
915,Mark Holden,Guinea,cohensean@wiley.com
916,Laura Thornton,Indonesia,gonzalezryan@hotmail.com
917,Richard Thompson,Lesotho,atkinsonkimberly@yahoo.com
918,David Kaufman,Peru,kmccormick@yahoo.com
919,Brett Brooks,Anguilla,chelsea75@whitehead.com
920,Maurice Watson,Uzbekistan,brian95@hotmail.com
921,Jacob Hebert,Bahamas,clementslinda@yahoo.com
922,Carl Cohen,Bulgaria,eholloway@gmail.com
923,Susan Simmons,United Arab Emirates,jakehawkins@maxwell.biz
924,Sophia Allen,Swaziland,tsmith@howell-thomas.com
925,Willie Nguyen,Guatemala,darrylpatel@hotmail.com
926,Tabitha Mitchell,Gibraltar,aking@gmail.com
927,Angela Lyons,Guinea-Bissau,landrydavid@watts.com
928,Scott Baker,Ireland,combsmichael@obrien-foster.org
929,Derek Hernandez,Argentina,rachelgarcia@wood-mercer.com
930,Michelle Johnson,Israel,jesse45@yahoo.com
931,Cynthia Pitts,Moldova,freemanbenjamin@moore.com
932,Mary Johnson,Palau,itaylor@owen-davis.com
933,Latasha Nguyen,Latvia,maryhall@smith.com
934,Ryan Ayala,Liberia,estuart@yahoo.com
935,Christopher Mosley,Papua New Guinea,samanthablair@mosley.com
936,Stephanie Ellis,Finland,vlin@colon-fox.info
937,Scott Boone,Liechtenstein,bwilson@morris-edwards.org
938,Edward Cordova,Saint Martin,leonardrebecca@yahoo.com
939,Betty Nichols,Guernsey,mary26@schmidt.biz
940,Melanie Grimes,New Caledonia,smithkevin@gross-williams.info
941,Jonathan Bradley DDS,Denmark,smcdonald@gmail.com
942,Rebecca Ross,Ecuador,pagecatherine@hotmail.com
943,Erin Moore,Maldives,sarahcruz@chang-dickerson.com
944,Charles Bailey,Norfolk Island,victoria46@jones-powers.org
945,Geoffrey Leonard,Estonia,tiffanyharvey@hotmail.com
946,Kenneth Williams,Antarctica (the territory South of 60 deg S),williamselizabeth@moore-berry.com
947,Erin Richards,Uganda,anna37@hotmail.com
948,Logan King,Saint Martin,emilybailey@yahoo.com
949,Ryan Little,Antigua and Barbuda,williammiller@gmail.com
950,Matthew Garcia,Haiti,chenmadeline@hammond.info
951,Jennifer Williams,Libyan Arab Jamahiriya,dennisgrace@nguyen-harper.com
952,Lorraine Ochoa,Malawi,adrienne09@cummings.com
953,Madeline Weaver,Korea,joshua61@smith.com
954,Angela Sellers,Tajikistan,bwoods@gmail.com
955,April Martinez,Cameroon,thomasevans@davis-rodriguez.biz
956,Harold Romero,Nicaragua,aholland@yahoo.com
957,Kristine Benitez,San Marino,cynthiaholt@conway-powell.biz
958,Robert Barnes,Lebanon,collinselizabeth@hotmail.com
959,Ralph Haas,Bhutan,ypeterson@cooper.com
960,Tammy Miller,Aruba,wesleywatson@ross.com
961,Steven Ramirez,Reunion,mkline@yahoo.com
962,Aaron Wall,Cuba,wmedina@molina-parker.com
963,James White,Reunion,elizabethsmith@brown-hines.com
964,Ashley Reeves,Tunisia,jerrywilliams@west.com
965,Alicia Dalton,Sudan,riverasusan@gmail.com
966,Mark Moore,American Samoa,edwardsmelissa@yahoo.com
967,Kayla Fields,Macao,ashleyhicks@yahoo.com
968,Jennifer Gonzalez,Latvia,james33@yahoo.com
969,Michael Mccoy,Montserrat,katherine68@dougherty.com
970,Amy Jackson,Tunisia,leemcknight@hotmail.com
971,Jacob Manning,Saint Barthelemy,jasminetucker@thompson.biz
972,Raymond Shaffer,Guinea,laradaniel@hotmail.com
973,Hayley Price,Bouvet Island (Bouvetoya),michelle03@gmail.com
974,Jennifer Miller,Korea,nicolehampton@parker-casey.com
975,Holly Allison,El Salvador,leonardcastillo@gmail.com
976,Hannah Nelson,Micronesia,louis31@johnson.com
977,Jacob Graham,Norfolk Island,bcharles@hotmail.com
978,Lindsay Martin,Syrian Arab Republic,karlmunoz@fuller.biz
979,Yesenia Morrison,Liechtenstein,brookeholloway@richardson.com
980,Louis Nunez,Liechtenstein,amber44@perez.net
981,Elizabeth Wilson,Lao People's Democratic Republic,joseph63@leonard-irwin.biz
982,Sarah Harris,Thailand,dudleymarc@arellano.com
983,Justin Nguyen,Fiji,zachary05@scott.com
984,Chris Burns,Azerbaijan,mark50@hotmail.com
985,Douglas Price,Chad,barryelizabeth@gmail.com
986,Jodi Silva,Montserrat,hodgesjulie@miller.com
987,Dr. Michael Ochoa Jr.,Norway,johnsonjose@weaver.com
988,David Campbell,Korea,cindyhoffman@yahoo.com
989,Keith Hamilton,Zimbabwe,kelleycrystal@morales-jenkins.com
990,Billy Perry,Martinique,perezchristina@gmail.com
991,Jonathan Spencer,Cote d'Ivoire,knapprobin@abbott.org
992,Jordan Bowman,Eritrea,brittany47@hotmail.com
993,Amanda Kelly,Tuvalu,ronald43@gmail.com
994,Bruce Bates,Colombia,jeffreykelly@hotmail.com
995,Mason Stafford,Jordan,kdavis@gmail.com
996,Jose Mcgee,Malta,wandaoconnor@evans-miller.org
997,Brandon Andrews,San Marino,byrdalejandro@yahoo.com
998,Terri Ibarra,Czech Republic,martha80@hotmail.com
999,Cheryl Davis,Mexico,melissadennis@cobb-harris.com
1000,John Diaz,Suriname,martintaylor@garcia.com
